{"cameraMode":{"drawMode":0,"name":"Shaded","section":"Shading Mode"},"sceneLighting":true,"audioPlay":false,"sceneViewState":{"showFog":true,"showMaterialUpdate":false,"showSkybox":true,"showFlares":true,"showImageEffects":true,"showParticleSystems":true},"in2DMode":false,"pivot":{"x":-0.00000762939453125,"y":-12.155110359191895,"z":0.0},"rotation":{"x":0.22622895240783692,"y":-0.029222263023257257,"z":0.006789911072701216,"w":0.9736120700836182},"size":55.35206604003906,"orthographic":false}